GTKode;forrigekode;FP;SP;Klasse;url
MA06-29;NA M5-7;4;4;GT;https://nin-kode-api.artsdatabanken.no/v2.3/koder/hentkode/NA%20M5-7
MA06-29;NA M5-17;4;4;GT;https://nin-kode-api.artsdatabanken.no/v2.3/koder/hentkode/NA%20M5-17
MA02-11;NA M1-4;4;2;GT;https://nin-kode-api.artsdatabanken.no/v2.3/koder/hentkode/NA%20M1-4
MA02-11;NA M1-6;4;2;GT;https://nin-kode-api.artsdatabanken.no/v2.3/koder/hentkode/NA%20M1-6
OA02-13;NA O2-15;4;2;GT;https://nin-kode-api.artsdatabanken.no/v2.3/koder/hentkode/NA%20O2-15
OA02-13;NA O2-16;4;2;GT;https://nin-kode-api.artsdatabanken.no/v2.3/koder/hentkode/NA%20O2-16
MA06-28;NA M5-10;4;4;GT;https://nin-kode-api.artsdatabanken.no/v2.3/koder/hentkode/NA%20M5-10
MA06-28;NA M5-19;4;4;GT;https://nin-kode-api.artsdatabanken.no/v2.3/koder/hentkode/NA%20M5-19
OA02-08;NA O2-9;4;2;GT;https://nin-kode-api.artsdatabanken.no/v2.3/koder/hentkode/NA%20O2-9
OA02-08;NA O2-10;4;2;GT;https://nin-kode-api.artsdatabanken.no/v2.3/koder/hentkode/NA%20O2-10
MA06-27;NA M5-9;4;4;GT;https://nin-kode-api.artsdatabanken.no/v2.3/koder/hentkode/NA%20M5-9
MA06-27;NA M5-18;4;4;GT;https://nin-kode-api.artsdatabanken.no/v2.3/koder/hentkode/NA%20M5-18
MA06-27;NA M5-26;4;4;GT;https://nin-kode-api.artsdatabanken.no/v2.3/koder/hentkode/NA%20M5-26
MA06-27;NA M5-32;4;4;GT;https://nin-kode-api.artsdatabanken.no/v2.3/koder/hentkode/NA%20M5-32
OA02-03;NA O2-3;4;2;GT;https://nin-kode-api.artsdatabanken.no/v2.3/koder/hentkode/NA%20O2-3
OA02-03;NA O2-4;4;2;GT;https://nin-kode-api.artsdatabanken.no/v2.3/koder/hentkode/NA%20O2-4
TG01-09;NA T27-8;2;2;GT;https://nin-kode-api.artsdatabanken.no/v2.3/koder/hentkode/NA%20T27-8
TG01-09;NA T28-1;2;2;GT;https://nin-kode-api.artsdatabanken.no/v2.3/koder/hentkode/NA%20T28-1
TG01-09;NA T27-2;2;2;GT;https://nin-kode-api.artsdatabanken.no/v2.3/koder/hentkode/NA%20T27-2
TG01-09;NA T27-3;2;2;GT;https://nin-kode-api.artsdatabanken.no/v2.3/koder/hentkode/NA%20T27-3
TG01-01;NA T28-1;2;2;GT;https://nin-kode-api.artsdatabanken.no/v2.3/koder/hentkode/NA%20T28-1
TG01-01;NA T28-2;2;2;GT;https://nin-kode-api.artsdatabanken.no/v2.3/koder/hentkode/NA%20T28-2
TG01-01;NA T28-3;2;2;GT;https://nin-kode-api.artsdatabanken.no/v2.3/koder/hentkode/NA%20T28-3
SA01-01;NA H1-1;1;2;GT;https://nin-kode-api.artsdatabanken.no/v2.3/koder/hentkode/NA%20H1-1
SA01-01;NA H1-5;1;2;GT;https://nin-kode-api.artsdatabanken.no/v2.3/koder/hentkode/NA%20H1-5
SA01-02;NA H1-1;2;2;GT;https://nin-kode-api.artsdatabanken.no/v2.3/koder/hentkode/NA%20H1-1
SA01-02;NA H1-5;2;2;GT;https://nin-kode-api.artsdatabanken.no/v2.3/koder/hentkode/NA%20H1-5
SC01-02;NA H1-3;4;4;GT;https://nin-kode-api.artsdatabanken.no/v2.3/koder/hentkode/NA%20H1-3
SC01-02;NA H1-4;4;4;GT;https://nin-kode-api.artsdatabanken.no/v2.3/koder/hentkode/NA%20H1-4
SC05-01;NA H2-2;4;4;GT;https://nin-kode-api.artsdatabanken.no/v2.3/koder/hentkode/NA%20H2-2
SC05-01;NA H2-3;4;4;GT;https://nin-kode-api.artsdatabanken.no/v2.3/koder/hentkode/NA%20H2-3
SC05-01;NA H2-7;4;4;GT;https://nin-kode-api.artsdatabanken.no/v2.3/koder/hentkode/NA%20H2-7
SC05-01;NA H2-8;4;4;GT;https://nin-kode-api.artsdatabanken.no/v2.3/koder/hentkode/NA%20H2-8
SC06-01;NA H1-1;0;4;GT;https://nin-kode-api.artsdatabanken.no/v2.3/koder/hentkode/NA%20H1-1
SC06-01;NA H1-5;0;4;GT;https://nin-kode-api.artsdatabanken.no/v2.3/koder/hentkode/NA%20H1-5
SC06-02;NA H1-1;1;4;GT;https://nin-kode-api.artsdatabanken.no/v2.3/koder/hentkode/NA%20H1-1
SC06-02;NA H1-5;1;4;GT;https://nin-kode-api.artsdatabanken.no/v2.3/koder/hentkode/NA%20H1-5
MA03-01;NA M2-1;4;4;GT;https://nin-kode-api.artsdatabanken.no/v2.3/koder/hentkode/NA%20M2-1
MA03-01;NA M2-13;4;4;GT;https://nin-kode-api.artsdatabanken.no/v2.3/koder/hentkode/NA%20M2-13
MA03-03;NA M2-6;1;4;GT;https://nin-kode-api.artsdatabanken.no/v2.3/koder/hentkode/NA%20M2-6
MA03-03;NA M2-14;1;4;GT;https://nin-kode-api.artsdatabanken.no/v2.3/koder/hentkode/NA%20M2-14
MA03-02;NA M2-6;3;4;GT;https://nin-kode-api.artsdatabanken.no/v2.3/koder/hentkode/NA%20M2-6
MA03-02;NA M2-14;3;4;GT;https://nin-kode-api.artsdatabanken.no/v2.3/koder/hentkode/NA%20M2-14
MA03-04;NA M2-2;4;4;GT;https://nin-kode-api.artsdatabanken.no/v2.3/koder/hentkode/NA%20M2-2
MA03-04;NA M2-15;4;4;GT;https://nin-kode-api.artsdatabanken.no/v2.3/koder/hentkode/NA%20M2-15
MA03-05;NA M2-7;4;4;GT;https://nin-kode-api.artsdatabanken.no/v2.3/koder/hentkode/NA%20M2-7
MA03-05;NA M2-16;4;4;GT;https://nin-kode-api.artsdatabanken.no/v2.3/koder/hentkode/NA%20M2-16
MA03-06;NA M2-3;4;4;GT;https://nin-kode-api.artsdatabanken.no/v2.3/koder/hentkode/NA%20M2-3
MA03-06;NA M2-17;4;4;GT;https://nin-kode-api.artsdatabanken.no/v2.3/koder/hentkode/NA%20M2-17
MA03-07;NA M2-8;4;4;GT;https://nin-kode-api.artsdatabanken.no/v2.3/koder/hentkode/NA%20M2-8
MA03-07;NA M2-18;4;4;GT;https://nin-kode-api.artsdatabanken.no/v2.3/koder/hentkode/NA%20M2-18
MA03-08;NA M2-4;2;3;GT;https://nin-kode-api.artsdatabanken.no/v2.3/koder/hentkode/NA%20M2-4
MA03-08;NA M2-5;2;3;GT;https://nin-kode-api.artsdatabanken.no/v2.3/koder/hentkode/NA%20M2-5
MA03-08;NA M2-19;2;3;GT;https://nin-kode-api.artsdatabanken.no/v2.3/koder/hentkode/NA%20M2-19
MA03-08;NA M2-20;2;3;GT;https://nin-kode-api.artsdatabanken.no/v2.3/koder/hentkode/NA%20M2-20
MA03-09;NA M2-9;2;3;GT;https://nin-kode-api.artsdatabanken.no/v2.3/koder/hentkode/NA%20M2-9
MA03-09;NA M2-10;2;3;GT;https://nin-kode-api.artsdatabanken.no/v2.3/koder/hentkode/NA%20M2-10
MA03-09;NA M2-19;2;3;GT;https://nin-kode-api.artsdatabanken.no/v2.3/koder/hentkode/NA%20M2-19
MA03-09;NA M2-20;2;3;GT;https://nin-kode-api.artsdatabanken.no/v2.3/koder/hentkode/NA%20M2-20
MA04-02;NA M4-33;2;2;GT;https://nin-kode-api.artsdatabanken.no/v2.3/koder/hentkode/NA%20M4-33
MA04-02;NA M4-34;2;2;GT;https://nin-kode-api.artsdatabanken.no/v2.3/koder/hentkode/NA%20M4-34
MA04-08;NA M4-33;1;2;GT;https://nin-kode-api.artsdatabanken.no/v2.3/koder/hentkode/NA%20M4-33
MA04-08;NA M4-34;1;2;GT;https://nin-kode-api.artsdatabanken.no/v2.3/koder/hentkode/NA%20M4-34
MA04-01;NA M4-29;4;4;GT;https://nin-kode-api.artsdatabanken.no/v2.3/koder/hentkode/NA%20M4-29
MA04-01;NA M4-38;4;4;GT;https://nin-kode-api.artsdatabanken.no/v2.3/koder/hentkode/NA%20M4-38
MA04-06;NA M4-29;1;4;GT;https://nin-kode-api.artsdatabanken.no/v2.3/koder/hentkode/NA%20M4-29
MA04-06;NA M4-38;1;4;GT;https://nin-kode-api.artsdatabanken.no/v2.3/koder/hentkode/NA%20M4-38
MA04-04;NA M4-31;2;4;GT;https://nin-kode-api.artsdatabanken.no/v2.3/koder/hentkode/NA%20M4-31
MA04-04;NA M4-40;2;4;GT;https://nin-kode-api.artsdatabanken.no/v2.3/koder/hentkode/NA%20M4-40
MA04-10;NA M4-31;1;4;GT;https://nin-kode-api.artsdatabanken.no/v2.3/koder/hentkode/NA%20M4-31
MA04-10;NA M4-40;1;4;GT;https://nin-kode-api.artsdatabanken.no/v2.3/koder/hentkode/NA%20M4-40
MA04-07;NA M4-29;0;4;GT;https://nin-kode-api.artsdatabanken.no/v2.3/koder/hentkode/NA%20M4-29
MA04-07;NA M4-38;0;4;GT;https://nin-kode-api.artsdatabanken.no/v2.3/koder/hentkode/NA%20M4-38
MA04-05;NA M4-30;2;4;GT;https://nin-kode-api.artsdatabanken.no/v2.3/koder/hentkode/NA%20M4-30
MA04-05;32;2;4;GT;
MA04-05;39;2;4;GT;
MA04-05;41;2;4;GT;
MA04-12;NA M4-35;4;4;GT;https://nin-kode-api.artsdatabanken.no/v2.3/koder/hentkode/NA%20M4-35
MA04-12;NA M4-42;4;4;GT;https://nin-kode-api.artsdatabanken.no/v2.3/koder/hentkode/NA%20M4-42
MA05-13;NA M4-11;4;4;GT;https://nin-kode-api.artsdatabanken.no/v2.3/koder/hentkode/NA%20M4-11
MA05-13;NA M4-20;4;4;GT;https://nin-kode-api.artsdatabanken.no/v2.3/koder/hentkode/NA%20M4-20
MA05-12;NA M4-10;4;4;GT;https://nin-kode-api.artsdatabanken.no/v2.3/koder/hentkode/NA%20M4-10
MA05-12;NA M4-19;4;4;GT;https://nin-kode-api.artsdatabanken.no/v2.3/koder/hentkode/NA%20M4-19
MA05-02;NA M4-3;2;4;GT;https://nin-kode-api.artsdatabanken.no/v2.3/koder/hentkode/NA%20M4-3
MA05-02;NA M4-6;2;4;GT;https://nin-kode-api.artsdatabanken.no/v2.3/koder/hentkode/NA%20M4-6
MA05-05;NA M4-5;3;4;GT;https://nin-kode-api.artsdatabanken.no/v2.3/koder/hentkode/NA%20M4-5
MA05-05;NA M4-7;3;4;GT;https://nin-kode-api.artsdatabanken.no/v2.3/koder/hentkode/NA%20M4-7
MA05-04;NA M4-4;3;4;GT;https://nin-kode-api.artsdatabanken.no/v2.3/koder/hentkode/NA%20M4-4
MA05-04;NA M4-5;3;4;GT;https://nin-kode-api.artsdatabanken.no/v2.3/koder/hentkode/NA%20M4-5
MA05-14;NA M4-9;4;4;GT;https://nin-kode-api.artsdatabanken.no/v2.3/koder/hentkode/NA%20M4-9
MA05-14;NA M4-18;4;4;GT;https://nin-kode-api.artsdatabanken.no/v2.3/koder/hentkode/NA%20M4-18
MA05-15;NA M4-8;4;4;GT;https://nin-kode-api.artsdatabanken.no/v2.3/koder/hentkode/NA%20M4-8
MA05-15;NA M4-17;4;4;GT;https://nin-kode-api.artsdatabanken.no/v2.3/koder/hentkode/NA%20M4-17
MA05-16;NA M4-8;4;4;GT;https://nin-kode-api.artsdatabanken.no/v2.3/koder/hentkode/NA%20M4-8
MA05-16;NA M4-17;4;4;GT;https://nin-kode-api.artsdatabanken.no/v2.3/koder/hentkode/NA%20M4-17
MA05-11;NA M4-13;3;4;GT;https://nin-kode-api.artsdatabanken.no/v2.3/koder/hentkode/NA%20M4-13
MA05-11;NA M4-16;3;4;GT;https://nin-kode-api.artsdatabanken.no/v2.3/koder/hentkode/NA%20M4-16
MA06-05;NA M5-2;4;4;GT;https://nin-kode-api.artsdatabanken.no/v2.3/koder/hentkode/NA%20M5-2
MA06-05;NA M5-5;4;4;GT;https://nin-kode-api.artsdatabanken.no/v2.3/koder/hentkode/NA%20M5-5
MA06-10;NA M5-12;4;4;GT;https://nin-kode-api.artsdatabanken.no/v2.3/koder/hentkode/NA%20M5-12
MA06-10;NA M5-15;4;4;GT;https://nin-kode-api.artsdatabanken.no/v2.3/koder/hentkode/NA%20M5-15
MA06-15;NA M5-21;4;4;GT;https://nin-kode-api.artsdatabanken.no/v2.3/koder/hentkode/NA%20M5-21
MA06-15;NA M5-24;4;4;GT;https://nin-kode-api.artsdatabanken.no/v2.3/koder/hentkode/NA%20M5-24
MA06-17;NA M5-29;3;4;GT;https://nin-kode-api.artsdatabanken.no/v2.3/koder/hentkode/NA%20M5-29
MA06-17;NA M5-35;3;4;GT;https://nin-kode-api.artsdatabanken.no/v2.3/koder/hentkode/NA%20M5-35
MA06-16;NA M5-27;3;4;GT;https://nin-kode-api.artsdatabanken.no/v2.3/koder/hentkode/NA%20M5-27
MA06-16;NA M5-33;3;4;GT;https://nin-kode-api.artsdatabanken.no/v2.3/koder/hentkode/NA%20M5-33
MA06-19;NA M5-27;1;4;GT;https://nin-kode-api.artsdatabanken.no/v2.3/koder/hentkode/NA%20M5-27
MA06-19;NA M5-29;1;4;GT;https://nin-kode-api.artsdatabanken.no/v2.3/koder/hentkode/NA%20M5-29
MA06-19;NA M5-30;1;4;GT;https://nin-kode-api.artsdatabanken.no/v2.3/koder/hentkode/NA%20M5-30
MA06-19;NA M5-33;1;4;GT;https://nin-kode-api.artsdatabanken.no/v2.3/koder/hentkode/NA%20M5-33
MA06-19;NA M5-35;1;4;GT;https://nin-kode-api.artsdatabanken.no/v2.3/koder/hentkode/NA%20M5-35
MA06-19;NA M5-36;1;4;GT;https://nin-kode-api.artsdatabanken.no/v2.3/koder/hentkode/NA%20M5-36
MA06-18;NA M5-27;1;4;GT;https://nin-kode-api.artsdatabanken.no/v2.3/koder/hentkode/NA%20M5-27
MA06-18;NA M5-29;1;4;GT;https://nin-kode-api.artsdatabanken.no/v2.3/koder/hentkode/NA%20M5-29
MA06-18;NA M5-30;1;4;GT;https://nin-kode-api.artsdatabanken.no/v2.3/koder/hentkode/NA%20M5-30
MA06-18;NA M5-33;1;4;GT;https://nin-kode-api.artsdatabanken.no/v2.3/koder/hentkode/NA%20M5-33
MA06-18;NA M5-35;1;4;GT;https://nin-kode-api.artsdatabanken.no/v2.3/koder/hentkode/NA%20M5-35
MA06-18;NA M5-36;1;4;GT;https://nin-kode-api.artsdatabanken.no/v2.3/koder/hentkode/NA%20M5-36
MA06-20;NA M5-28;3;4;GT;https://nin-kode-api.artsdatabanken.no/v2.3/koder/hentkode/NA%20M5-28
MA06-20;NA M5-30;3;4;GT;https://nin-kode-api.artsdatabanken.no/v2.3/koder/hentkode/NA%20M5-30
MA06-30;NA M5-6;4;4;GT;https://nin-kode-api.artsdatabanken.no/v2.3/koder/hentkode/NA%20M5-6
MA06-30;NA M5-16;4;4;GT;https://nin-kode-api.artsdatabanken.no/v2.3/koder/hentkode/NA%20M5-16
MA06-30;NA M5-25;4;4;GT;https://nin-kode-api.artsdatabanken.no/v2.3/koder/hentkode/NA%20M5-25
MA06-30;NA M5-31;4;4;GT;https://nin-kode-api.artsdatabanken.no/v2.3/koder/hentkode/NA%20M5-31
MA06-30;NA M5-37;4;4;GT;https://nin-kode-api.artsdatabanken.no/v2.3/koder/hentkode/NA%20M5-37
MA06-31;NA M5-34;4;4;GT;https://nin-kode-api.artsdatabanken.no/v2.3/koder/hentkode/NA%20M5-34
MA06-31;NA M5-36;4;4;GT;https://nin-kode-api.artsdatabanken.no/v2.3/koder/hentkode/NA%20M5-36
MC03-01;NA M9-1;3;3;GT;https://nin-kode-api.artsdatabanken.no/v2.3/koder/hentkode/NA%20M9-1
MC03-01;NA M9-4;3;3;GT;https://nin-kode-api.artsdatabanken.no/v2.3/koder/hentkode/NA%20M9-4
MC03-02;NA M9-8;3;3;GT;https://nin-kode-api.artsdatabanken.no/v2.3/koder/hentkode/NA%20M9-8
MC03-02;NA M9-9;3;3;GT;https://nin-kode-api.artsdatabanken.no/v2.3/koder/hentkode/NA%20M9-9
MC03-03;NA M9-2;4;4;GT;https://nin-kode-api.artsdatabanken.no/v2.3/koder/hentkode/NA%20M9-2
MC03-03;NA M9-3;4;4;GT;https://nin-kode-api.artsdatabanken.no/v2.3/koder/hentkode/NA%20M9-3
MC03-03;NA M9-5;4;4;GT;https://nin-kode-api.artsdatabanken.no/v2.3/koder/hentkode/NA%20M9-5
MC03-03;NA M9-6;4;4;GT;https://nin-kode-api.artsdatabanken.no/v2.3/koder/hentkode/NA%20M9-6
MC04-04;NA M4-21;1;4;GT;https://nin-kode-api.artsdatabanken.no/v2.3/koder/hentkode/NA%20M4-21
MC04-04;NA M4-25;1;4;GT;https://nin-kode-api.artsdatabanken.no/v2.3/koder/hentkode/NA%20M4-25
MC04-06;NA M4-22;1;4;GT;https://nin-kode-api.artsdatabanken.no/v2.3/koder/hentkode/NA%20M4-22
MC04-06;NA M4-24;1;4;GT;https://nin-kode-api.artsdatabanken.no/v2.3/koder/hentkode/NA%20M4-24
MC04-01;NA M4-21;2;4;GT;https://nin-kode-api.artsdatabanken.no/v2.3/koder/hentkode/NA%20M4-21
MC04-01;NA M4-25;2;4;GT;https://nin-kode-api.artsdatabanken.no/v2.3/koder/hentkode/NA%20M4-25
MC04-03;NA M4-22;2;4;GT;https://nin-kode-api.artsdatabanken.no/v2.3/koder/hentkode/NA%20M4-22
MC04-03;NA M4-24;2;4;GT;https://nin-kode-api.artsdatabanken.no/v2.3/koder/hentkode/NA%20M4-24
MC06-01;NA M11-1;3;3;GT;https://nin-kode-api.artsdatabanken.no/v2.3/koder/hentkode/NA%20M11-1
MC06-01;NA M11-2;3;3;GT;https://nin-kode-api.artsdatabanken.no/v2.3/koder/hentkode/NA%20M11-2
MC06-01;NA M11-3;3;3;GT;https://nin-kode-api.artsdatabanken.no/v2.3/koder/hentkode/NA%20M11-3
MC06-01;NA M11-4;3;3;GT;https://nin-kode-api.artsdatabanken.no/v2.3/koder/hentkode/NA%20M11-4
MC06-03;NA M11-5;1;4;GT;https://nin-kode-api.artsdatabanken.no/v2.3/koder/hentkode/NA%20M11-5
MC06-03;NA M11-6;1;4;GT;https://nin-kode-api.artsdatabanken.no/v2.3/koder/hentkode/NA%20M11-6
MC06-05;NA M11-5;2;4;GT;https://nin-kode-api.artsdatabanken.no/v2.3/koder/hentkode/NA%20M11-5
MC06-05;NA M11-6;2;4;GT;https://nin-kode-api.artsdatabanken.no/v2.3/koder/hentkode/NA%20M11-6
MC07-01;NA M12-1;4;4;GT;https://nin-kode-api.artsdatabanken.no/v2.3/koder/hentkode/NA%20M12-1
MC07-01;NA M12-2;4;4;GT;https://nin-kode-api.artsdatabanken.no/v2.3/koder/hentkode/NA%20M12-2
MC07-01;NA M12-3;4;4;GT;https://nin-kode-api.artsdatabanken.no/v2.3/koder/hentkode/NA%20M12-3
MC07-02;NA M12-4;4;4;GT;https://nin-kode-api.artsdatabanken.no/v2.3/koder/hentkode/NA%20M12-4
MC07-02;NA M12-5;4;4;GT;https://nin-kode-api.artsdatabanken.no/v2.3/koder/hentkode/NA%20M12-5
MC07-02;NA M12-6;4;4;GT;https://nin-kode-api.artsdatabanken.no/v2.3/koder/hentkode/NA%20M12-6
MF01-02;NA M7-1;0;4;GT;https://nin-kode-api.artsdatabanken.no/v2.3/koder/hentkode/NA%20M7-1
MF01-02;NA M7-2;0;4;GT;https://nin-kode-api.artsdatabanken.no/v2.3/koder/hentkode/NA%20M7-2
MF01-01;NA M7-1;3;4;GT;https://nin-kode-api.artsdatabanken.no/v2.3/koder/hentkode/NA%20M7-1
MF01-01;NA M7-2;3;4;GT;https://nin-kode-api.artsdatabanken.no/v2.3/koder/hentkode/NA%20M7-2
MM01-04;NA M15-1;2;4;GT;https://nin-kode-api.artsdatabanken.no/v2.3/koder/hentkode/NA%20M15-1
MM01-04;NA M15-3;2;4;GT;https://nin-kode-api.artsdatabanken.no/v2.3/koder/hentkode/NA%20M15-3
TA04-02;NA T22-1;2;3;GT;https://nin-kode-api.artsdatabanken.no/v2.3/koder/hentkode/NA%20T22-1
TA04-02;NA T22-2;2;3;GT;https://nin-kode-api.artsdatabanken.no/v2.3/koder/hentkode/NA%20T22-2
TA04-01;NA T22-1;2;3;GT;https://nin-kode-api.artsdatabanken.no/v2.3/koder/hentkode/NA%20T22-1
TA04-01;NA T22-2;2;3;GT;https://nin-kode-api.artsdatabanken.no/v2.3/koder/hentkode/NA%20T22-2
TA04-03;NA T22-3;2;3;GT;https://nin-kode-api.artsdatabanken.no/v2.3/koder/hentkode/NA%20T22-3
TA04-03;NA T22-4;2;3;GT;https://nin-kode-api.artsdatabanken.no/v2.3/koder/hentkode/NA%20T22-4
TB01-17;NA T4-6;1;2;GT;https://nin-kode-api.artsdatabanken.no/v2.3/koder/hentkode/NA%20T4-6
TB01-17;NA T4-10;1;2;GT;https://nin-kode-api.artsdatabanken.no/v2.3/koder/hentkode/NA%20T4-10
TB01-18;NA T4-8;1;2;GT;https://nin-kode-api.artsdatabanken.no/v2.3/koder/hentkode/NA%20T4-8
TB01-18;NA T4-12;1;2;GT;https://nin-kode-api.artsdatabanken.no/v2.3/koder/hentkode/NA%20T4-12
TB01-18;NA T4-19;1;2;GT;https://nin-kode-api.artsdatabanken.no/v2.3/koder/hentkode/NA%20T4-19
TB01-18;NA T4-20;1;2;GT;https://nin-kode-api.artsdatabanken.no/v2.3/koder/hentkode/NA%20T4-20
TC01-02;NA T6-2;4;4;GT;https://nin-kode-api.artsdatabanken.no/v2.3/koder/hentkode/NA%20T6-2
TC01-02;NA T6-3;4;4;GT;https://nin-kode-api.artsdatabanken.no/v2.3/koder/hentkode/NA%20T6-3
TC02-06;NA T5-6;4;4;GT;https://nin-kode-api.artsdatabanken.no/v2.3/koder/hentkode/NA%20T5-6
TC02-06;NA T5-7;4;4;GT;https://nin-kode-api.artsdatabanken.no/v2.3/koder/hentkode/NA%20T5-7
TC03-09;NA T29-5;4;4;GT;https://nin-kode-api.artsdatabanken.no/v2.3/koder/hentkode/NA%20T29-5
TC03-09;NA T29-6;4;4;GT;https://nin-kode-api.artsdatabanken.no/v2.3/koder/hentkode/NA%20T29-6
TC03-09;NA T29-9;4;4;GT;https://nin-kode-api.artsdatabanken.no/v2.3/koder/hentkode/NA%20T29-9
TC03-04;NA T11-2;1;4;GT;https://nin-kode-api.artsdatabanken.no/v2.3/koder/hentkode/NA%20T11-2
TC03-04;NA T21-1;1;4;GT;https://nin-kode-api.artsdatabanken.no/v2.3/koder/hentkode/NA%20T21-1
TC03-10;NA T29-5;0;4;GT;https://nin-kode-api.artsdatabanken.no/v2.3/koder/hentkode/NA%20T29-5
TC03-10;NA T29-6;0;4;GT;https://nin-kode-api.artsdatabanken.no/v2.3/koder/hentkode/NA%20T29-6
TC03-10;NA T29-9;0;4;GT;https://nin-kode-api.artsdatabanken.no/v2.3/koder/hentkode/NA%20T29-9
TC03-06;NA T29-3;3;4;GT;https://nin-kode-api.artsdatabanken.no/v2.3/koder/hentkode/NA%20T29-3
TC03-06;NA T29-4;3;4;GT;https://nin-kode-api.artsdatabanken.no/v2.3/koder/hentkode/NA%20T29-4
TC03-08;NA T29-1;4;4;GT;https://nin-kode-api.artsdatabanken.no/v2.3/koder/hentkode/NA%20T29-1
TC03-08;NA T29-2;4;4;GT;https://nin-kode-api.artsdatabanken.no/v2.3/koder/hentkode/NA%20T29-2
TC08-01;NA T7-1;4;4;GT;https://nin-kode-api.artsdatabanken.no/v2.3/koder/hentkode/NA%20T7-1
TC08-01;NA T7-2;4;4;GT;https://nin-kode-api.artsdatabanken.no/v2.3/koder/hentkode/NA%20T7-2
TD01-02;NA T13-6;3;1;GT;https://nin-kode-api.artsdatabanken.no/v2.3/koder/hentkode/NA%20T13-6
TD01-02;NA T13-18;3;1;GT;https://nin-kode-api.artsdatabanken.no/v2.3/koder/hentkode/NA%20T13-18
TD01-05;NA T13-6;2;2;GT;https://nin-kode-api.artsdatabanken.no/v2.3/koder/hentkode/NA%20T13-6
TD01-05;NA T13-17;2;2;GT;https://nin-kode-api.artsdatabanken.no/v2.3/koder/hentkode/NA%20T13-17
TD01-08;NA T13-12;3;2;GT;https://nin-kode-api.artsdatabanken.no/v2.3/koder/hentkode/NA%20T13-12
TD01-08;NA T13-13;3;2;GT;https://nin-kode-api.artsdatabanken.no/v2.3/koder/hentkode/NA%20T13-13
TD01-08;NA T13-15;3;2;GT;https://nin-kode-api.artsdatabanken.no/v2.3/koder/hentkode/NA%20T13-15
TD01-08;NA T13-17;3;2;GT;https://nin-kode-api.artsdatabanken.no/v2.3/koder/hentkode/NA%20T13-17
TD01-11;NA T13-4;3;2;GT;https://nin-kode-api.artsdatabanken.no/v2.3/koder/hentkode/NA%20T13-4
TD01-11;NA T13-5;3;2;GT;https://nin-kode-api.artsdatabanken.no/v2.3/koder/hentkode/NA%20T13-5
TD01-11;NA T13-16;3;2;GT;https://nin-kode-api.artsdatabanken.no/v2.3/koder/hentkode/NA%20T13-16
TD01-11;NA T13-17;3;2;GT;https://nin-kode-api.artsdatabanken.no/v2.3/koder/hentkode/NA%20T13-17
TD01-01;NA T13-3;3;1;GT;https://nin-kode-api.artsdatabanken.no/v2.3/koder/hentkode/NA%20T13-3
TD01-01;NA T13-18;3;1;GT;https://nin-kode-api.artsdatabanken.no/v2.3/koder/hentkode/NA%20T13-18
TD01-04;NA T13-3;3;2;GT;https://nin-kode-api.artsdatabanken.no/v2.3/koder/hentkode/NA%20T13-3
TD01-04;NA T13-17;3;2;GT;https://nin-kode-api.artsdatabanken.no/v2.3/koder/hentkode/NA%20T13-17
TD01-07;NA T13-10;4;3;GT;https://nin-kode-api.artsdatabanken.no/v2.3/koder/hentkode/NA%20T13-10
TD01-07;NA T13-11;4;3;GT;https://nin-kode-api.artsdatabanken.no/v2.3/koder/hentkode/NA%20T13-11
TD01-07;NA T13-16;4;3;GT;https://nin-kode-api.artsdatabanken.no/v2.3/koder/hentkode/NA%20T13-16
TD01-07;NA T13-17;4;3;GT;https://nin-kode-api.artsdatabanken.no/v2.3/koder/hentkode/NA%20T13-17
TD01-10;NA T13-1;4;3;GT;https://nin-kode-api.artsdatabanken.no/v2.3/koder/hentkode/NA%20T13-1
TD01-10;NA T13-2;4;3;GT;https://nin-kode-api.artsdatabanken.no/v2.3/koder/hentkode/NA%20T13-2
TD01-10;NA T13-16;4;3;GT;https://nin-kode-api.artsdatabanken.no/v2.3/koder/hentkode/NA%20T13-16
TD01-10;NA T13-17;4;3;GT;https://nin-kode-api.artsdatabanken.no/v2.3/koder/hentkode/NA%20T13-17
TD01-03;NA T13-9;3;1;GT;https://nin-kode-api.artsdatabanken.no/v2.3/koder/hentkode/NA%20T13-9
TD01-03;NA T13-18;3;1;GT;https://nin-kode-api.artsdatabanken.no/v2.3/koder/hentkode/NA%20T13-18
TD01-06;NA T13-9;2;2;GT;https://nin-kode-api.artsdatabanken.no/v2.3/koder/hentkode/NA%20T13-9
TD01-06;NA T13-17;2;2;GT;https://nin-kode-api.artsdatabanken.no/v2.3/koder/hentkode/NA%20T13-17
TD01-09;NA T13-14;2;3;GT;https://nin-kode-api.artsdatabanken.no/v2.3/koder/hentkode/NA%20T13-14
TD01-09;NA T13-15;2;3;GT;https://nin-kode-api.artsdatabanken.no/v2.3/koder/hentkode/NA%20T13-15
TD01-12;NA T13-7;2;3;GT;https://nin-kode-api.artsdatabanken.no/v2.3/koder/hentkode/NA%20T13-7
TD01-12;NA T13-8;2;3;GT;https://nin-kode-api.artsdatabanken.no/v2.3/koder/hentkode/NA%20T13-8
TD03-03;NA T16-3;2;4;GT;https://nin-kode-api.artsdatabanken.no/v2.3/koder/hentkode/NA%20T16-3
TD03-03;NA T16-4;2;4;GT;https://nin-kode-api.artsdatabanken.no/v2.3/koder/hentkode/NA%20T16-4
TD04-05;NA T15-1;4;0;GT;https://nin-kode-api.artsdatabanken.no/v2.3/koder/hentkode/NA%20T15-1
TD04-05;NA T15-2;4;0;GT;https://nin-kode-api.artsdatabanken.no/v2.3/koder/hentkode/NA%20T15-2
TE01-07;NA T21-4;0;4;GT;https://nin-kode-api.artsdatabanken.no/v2.3/koder/hentkode/NA%20T21-4
TE01-07;NA T21-5;0;4;GT;https://nin-kode-api.artsdatabanken.no/v2.3/koder/hentkode/NA%20T21-5
TE01-06;NA T21-2;0;4;GT;https://nin-kode-api.artsdatabanken.no/v2.3/koder/hentkode/NA%20T21-2
TE01-06;NA T21-3;0;4;GT;https://nin-kode-api.artsdatabanken.no/v2.3/koder/hentkode/NA%20T21-3
TE03-04;NA T18-1;3;2;GT;https://nin-kode-api.artsdatabanken.no/v2.3/koder/hentkode/NA%20T18-1
TE03-04;NA T18-4;3;2;GT;https://nin-kode-api.artsdatabanken.no/v2.3/koder/hentkode/NA%20T18-4
TE03-01;NA T18-3;1;4;GT;https://nin-kode-api.artsdatabanken.no/v2.3/koder/hentkode/NA%20T18-3
TE03-01;NA T18-4;1;4;GT;https://nin-kode-api.artsdatabanken.no/v2.3/koder/hentkode/NA%20T18-4
TE03-03;NA T18-2;2;4;GT;https://nin-kode-api.artsdatabanken.no/v2.3/koder/hentkode/NA%20T18-2
TE03-03;NA T18-4;2;4;GT;https://nin-kode-api.artsdatabanken.no/v2.3/koder/hentkode/NA%20T18-4
TE03-05;NA T18-4;3;2;GT;https://nin-kode-api.artsdatabanken.no/v2.3/koder/hentkode/NA%20T18-4
TE03-05;NA T18-5;3;2;GT;https://nin-kode-api.artsdatabanken.no/v2.3/koder/hentkode/NA%20T18-5
TE03-02;NA T18-3;2;4;GT;https://nin-kode-api.artsdatabanken.no/v2.3/koder/hentkode/NA%20T18-3
TE03-02;NA T18-4;2;4;GT;https://nin-kode-api.artsdatabanken.no/v2.3/koder/hentkode/NA%20T18-4
TE03-06;NA T18-1;4;2;GT;https://nin-kode-api.artsdatabanken.no/v2.3/koder/hentkode/NA%20T18-1
TE03-06;NA T18-4;4;2;GT;https://nin-kode-api.artsdatabanken.no/v2.3/koder/hentkode/NA%20T18-4
TE05-09;NA T19-1;1;4;GT;https://nin-kode-api.artsdatabanken.no/v2.3/koder/hentkode/NA%20T19-1
TE05-09;NA T19-2;1;4;GT;https://nin-kode-api.artsdatabanken.no/v2.3/koder/hentkode/NA%20T19-2
TE05-10;NA T19-1;1;4;GT;https://nin-kode-api.artsdatabanken.no/v2.3/koder/hentkode/NA%20T19-1
TE05-10;NA T19-2;1;4;GT;https://nin-kode-api.artsdatabanken.no/v2.3/koder/hentkode/NA%20T19-2
TE08-01;NA T18-1;1;3;GT;https://nin-kode-api.artsdatabanken.no/v2.3/koder/hentkode/NA%20T18-1
TE08-01;NA T18-2;1;3;GT;https://nin-kode-api.artsdatabanken.no/v2.3/koder/hentkode/NA%20T18-2
TE08-01;NA T18-3;1;3;GT;https://nin-kode-api.artsdatabanken.no/v2.3/koder/hentkode/NA%20T18-3
TE08-03;NA T18-1;0;3;GT;https://nin-kode-api.artsdatabanken.no/v2.3/koder/hentkode/NA%20T18-1
TE08-03;NA T18-2;0;3;GT;https://nin-kode-api.artsdatabanken.no/v2.3/koder/hentkode/NA%20T18-2
TE08-03;NA T18-3;0;3;GT;https://nin-kode-api.artsdatabanken.no/v2.3/koder/hentkode/NA%20T18-3
TE08-02;NA T18-2;1;4;GT;https://nin-kode-api.artsdatabanken.no/v2.3/koder/hentkode/NA%20T18-2
TE08-02;NA T18-3;1;4;GT;https://nin-kode-api.artsdatabanken.no/v2.3/koder/hentkode/NA%20T18-3
TE08-02;NA T18-4;1;4;GT;https://nin-kode-api.artsdatabanken.no/v2.3/koder/hentkode/NA%20T18-4
TE08-02;NA T18-5;1;4;GT;https://nin-kode-api.artsdatabanken.no/v2.3/koder/hentkode/NA%20T18-5
TE08-04;NA T18-2;0;4;GT;https://nin-kode-api.artsdatabanken.no/v2.3/koder/hentkode/NA%20T18-2
TE08-04;NA T18-3;0;4;GT;https://nin-kode-api.artsdatabanken.no/v2.3/koder/hentkode/NA%20T18-3
TE08-04;NA T18-4;0;4;GT;https://nin-kode-api.artsdatabanken.no/v2.3/koder/hentkode/NA%20T18-4
TE08-04;NA T18-5;0;4;GT;https://nin-kode-api.artsdatabanken.no/v2.3/koder/hentkode/NA%20T18-5
TE09-02;NA T20-1;1;4;GT;https://nin-kode-api.artsdatabanken.no/v2.3/koder/hentkode/NA%20T20-1
TE09-02;NA T20-2;1;4;GT;https://nin-kode-api.artsdatabanken.no/v2.3/koder/hentkode/NA%20T20-2
TF01-02;NA T4-10;0;4;GT;https://nin-kode-api.artsdatabanken.no/v2.3/koder/hentkode/NA%20T4-10
TF01-02;NA T4-11;0;4;GT;https://nin-kode-api.artsdatabanken.no/v2.3/koder/hentkode/NA%20T4-11
TF02-03;NA T30-5;4;4;GT;https://nin-kode-api.artsdatabanken.no/v2.3/koder/hentkode/NA%20T30-5
TF02-03;NA T30-6;4;4;GT;https://nin-kode-api.artsdatabanken.no/v2.3/koder/hentkode/NA%20T30-6
TF02-02;NA T30-4;4;4;GT;https://nin-kode-api.artsdatabanken.no/v2.3/koder/hentkode/NA%20T30-4
TF02-02;NA T30-7;4;4;GT;https://nin-kode-api.artsdatabanken.no/v2.3/koder/hentkode/NA%20T30-7
TG01-15;NA T27-6;0;4;GT;https://nin-kode-api.artsdatabanken.no/v2.3/koder/hentkode/NA%20T27-6
TG01-15;NA T27-7;0;4;GT;https://nin-kode-api.artsdatabanken.no/v2.3/koder/hentkode/NA%20T27-7
TG01-18;NA T27-1;0;4;GT;https://nin-kode-api.artsdatabanken.no/v2.3/koder/hentkode/NA%20T27-1
TG01-18;NA T27-3;0;4;GT;https://nin-kode-api.artsdatabanken.no/v2.3/koder/hentkode/NA%20T27-3
TG01-17;NA T27-2;1;4;GT;https://nin-kode-api.artsdatabanken.no/v2.3/koder/hentkode/NA%20T27-2
TG01-17;NA T27-4;1;4;GT;https://nin-kode-api.artsdatabanken.no/v2.3/koder/hentkode/NA%20T27-4
TG01-17;NA T27-5;1;4;GT;https://nin-kode-api.artsdatabanken.no/v2.3/koder/hentkode/NA%20T27-5
TG01-36;NA T26-5;1;4;GT;https://nin-kode-api.artsdatabanken.no/v2.3/koder/hentkode/NA%20T26-5
TG01-36;NA T26-6;1;4;GT;https://nin-kode-api.artsdatabanken.no/v2.3/koder/hentkode/NA%20T26-6
TG01-31;NA T26-5;2;4;GT;https://nin-kode-api.artsdatabanken.no/v2.3/koder/hentkode/NA%20T26-5
TG01-31;NA T26-6;2;4;GT;https://nin-kode-api.artsdatabanken.no/v2.3/koder/hentkode/NA%20T26-6
TI01-01;NA T4-1;1;4;GT;https://nin-kode-api.artsdatabanken.no/v2.3/koder/hentkode/NA%20T4-1
TI01-01;NA T4-2;1;4;GT;https://nin-kode-api.artsdatabanken.no/v2.3/koder/hentkode/NA%20T4-2
TI01-01;NA T4-5;1;4;GT;https://nin-kode-api.artsdatabanken.no/v2.3/koder/hentkode/NA%20T4-5
TI01-01;NA T4-6;1;4;GT;https://nin-kode-api.artsdatabanken.no/v2.3/koder/hentkode/NA%20T4-6
TI01-01;T38-1;1;4;GT;
TI01-02;NA T4-3;1;4;GT;https://nin-kode-api.artsdatabanken.no/v2.3/koder/hentkode/NA%20T4-3
TI01-02;NA T4-4;1;4;GT;https://nin-kode-api.artsdatabanken.no/v2.3/koder/hentkode/NA%20T4-4
TI01-02;NA T4-7;1;4;GT;https://nin-kode-api.artsdatabanken.no/v2.3/koder/hentkode/NA%20T4-7
TI01-02;NA T4-8;1;4;GT;https://nin-kode-api.artsdatabanken.no/v2.3/koder/hentkode/NA%20T4-8
TI01-02;T38-1;1;4;GT;
TI01-03;NA T4-9;0;4;GT;https://nin-kode-api.artsdatabanken.no/v2.3/koder/hentkode/NA%20T4-9
TI01-03;NA T4-10;0;4;GT;https://nin-kode-api.artsdatabanken.no/v2.3/koder/hentkode/NA%20T4-10
TI01-03;NA T4-13;0;4;GT;https://nin-kode-api.artsdatabanken.no/v2.3/koder/hentkode/NA%20T4-13
TI01-03;NA T4-14;0;4;GT;https://nin-kode-api.artsdatabanken.no/v2.3/koder/hentkode/NA%20T4-14
TI01-04;NA T4-11;0;4;GT;https://nin-kode-api.artsdatabanken.no/v2.3/koder/hentkode/NA%20T4-11
TI01-04;NA T4-12;0;4;GT;https://nin-kode-api.artsdatabanken.no/v2.3/koder/hentkode/NA%20T4-12
TI01-04;NA T4-15;0;4;GT;https://nin-kode-api.artsdatabanken.no/v2.3/koder/hentkode/NA%20T4-15
TI01-04;NA T4-16;0;4;GT;https://nin-kode-api.artsdatabanken.no/v2.3/koder/hentkode/NA%20T4-16
TI01-05;NA T4-1;1;4;GT;https://nin-kode-api.artsdatabanken.no/v2.3/koder/hentkode/NA%20T4-1
TI01-05;NA T4-2;1;4;GT;https://nin-kode-api.artsdatabanken.no/v2.3/koder/hentkode/NA%20T4-2
TI01-05;NA T4-5;1;4;GT;https://nin-kode-api.artsdatabanken.no/v2.3/koder/hentkode/NA%20T4-5
TI01-05;NA T4-6;1;4;GT;https://nin-kode-api.artsdatabanken.no/v2.3/koder/hentkode/NA%20T4-6
TI01-05;T38-1;1;4;GT;
TI01-06;NA T4-3;1;4;GT;https://nin-kode-api.artsdatabanken.no/v2.3/koder/hentkode/NA%20T4-3
TI01-06;NA T4-4;1;4;GT;https://nin-kode-api.artsdatabanken.no/v2.3/koder/hentkode/NA%20T4-4
TI01-06;NA T4-7;1;4;GT;https://nin-kode-api.artsdatabanken.no/v2.3/koder/hentkode/NA%20T4-7
TI01-06;NA T4-8;1;4;GT;https://nin-kode-api.artsdatabanken.no/v2.3/koder/hentkode/NA%20T4-8
TI01-06;T38-1;1;4;GT;
TI01-07;NA T4-9;0;4;GT;https://nin-kode-api.artsdatabanken.no/v2.3/koder/hentkode/NA%20T4-9
TI01-07;NA T4-10;0;4;GT;https://nin-kode-api.artsdatabanken.no/v2.3/koder/hentkode/NA%20T4-10
TI01-07;NA T4-13;0;4;GT;https://nin-kode-api.artsdatabanken.no/v2.3/koder/hentkode/NA%20T4-13
TI01-07;NA T4-14;0;4;GT;https://nin-kode-api.artsdatabanken.no/v2.3/koder/hentkode/NA%20T4-14
TI01-08;NA T4-11;0;4;GT;https://nin-kode-api.artsdatabanken.no/v2.3/koder/hentkode/NA%20T4-11
TI01-08;NA T4-12;0;4;GT;https://nin-kode-api.artsdatabanken.no/v2.3/koder/hentkode/NA%20T4-12
TI01-08;NA T4-15;0;4;GT;https://nin-kode-api.artsdatabanken.no/v2.3/koder/hentkode/NA%20T4-15
TI01-08;NA T4-16;0;4;GT;https://nin-kode-api.artsdatabanken.no/v2.3/koder/hentkode/NA%20T4-16
TK01-13;NA T32-1;1;3;GT;https://nin-kode-api.artsdatabanken.no/v2.3/koder/hentkode/NA%20T32-1
TK01-13;NA T32-2;1;3;GT;https://nin-kode-api.artsdatabanken.no/v2.3/koder/hentkode/NA%20T32-2
TK01-14;NA T32-13;1;3;GT;https://nin-kode-api.artsdatabanken.no/v2.3/koder/hentkode/NA%20T32-13
TK01-14;NA T32-14;1;3;GT;https://nin-kode-api.artsdatabanken.no/v2.3/koder/hentkode/NA%20T32-14
TK01-16;NA T32;1;3;GT;https://nin-kode-api.artsdatabanken.no/v2.3/koder/hentkode/NA%20T32
TK01-16;NA T32-6;1;3;GT;https://nin-kode-api.artsdatabanken.no/v2.3/koder/hentkode/NA%20T32-6
TK01-16;NA T32-7;1;3;GT;https://nin-kode-api.artsdatabanken.no/v2.3/koder/hentkode/NA%20T32-7
TK01-16;NA T32-9;1;3;GT;https://nin-kode-api.artsdatabanken.no/v2.3/koder/hentkode/NA%20T32-9
TK01-16;NA T32-10;1;3;GT;https://nin-kode-api.artsdatabanken.no/v2.3/koder/hentkode/NA%20T32-10
TK01-25;NA T32-11;1;4;GT;https://nin-kode-api.artsdatabanken.no/v2.3/koder/hentkode/NA%20T32-11
TK01-25;NA T32-12;1;4;GT;https://nin-kode-api.artsdatabanken.no/v2.3/koder/hentkode/NA%20T32-12
TK01-02;NA T32-3;2;3;GT;https://nin-kode-api.artsdatabanken.no/v2.3/koder/hentkode/NA%20T32-3
TK01-02;NA T32-6;2;3;GT;https://nin-kode-api.artsdatabanken.no/v2.3/koder/hentkode/NA%20T32-6
TK01-05;NA T32-15;2;3;GT;https://nin-kode-api.artsdatabanken.no/v2.3/koder/hentkode/NA%20T32-15
TK01-05;NA T32-17;2;3;GT;https://nin-kode-api.artsdatabanken.no/v2.3/koder/hentkode/NA%20T32-17
TK01-08;NA T32-3;1;3;GT;https://nin-kode-api.artsdatabanken.no/v2.3/koder/hentkode/NA%20T32-3
TK01-08;NA T32-6;1;3;GT;https://nin-kode-api.artsdatabanken.no/v2.3/koder/hentkode/NA%20T32-6
TK01-11;NA T32-15;1;3;GT;https://nin-kode-api.artsdatabanken.no/v2.3/koder/hentkode/NA%20T32-15
TK01-11;NA T32-17;1;3;GT;https://nin-kode-api.artsdatabanken.no/v2.3/koder/hentkode/NA%20T32-17
TK01-17;NA T32-15;1;3;GT;https://nin-kode-api.artsdatabanken.no/v2.3/koder/hentkode/NA%20T32-15
TK01-17;NA T32-16;1;3;GT;https://nin-kode-api.artsdatabanken.no/v2.3/koder/hentkode/NA%20T32-16
TK01-17;NA T32-17;1;3;GT;https://nin-kode-api.artsdatabanken.no/v2.3/koder/hentkode/NA%20T32-17
TK01-17;NA T32-18;1;3;GT;https://nin-kode-api.artsdatabanken.no/v2.3/koder/hentkode/NA%20T32-18
TK01-20;NA T32-4;1;3;GT;https://nin-kode-api.artsdatabanken.no/v2.3/koder/hentkode/NA%20T32-4
TK01-20;NA T32-5;1;3;GT;https://nin-kode-api.artsdatabanken.no/v2.3/koder/hentkode/NA%20T32-5
TK01-20;NA T32-7;1;3;GT;https://nin-kode-api.artsdatabanken.no/v2.3/koder/hentkode/NA%20T32-7
TK01-20;NA T32-8;1;3;GT;https://nin-kode-api.artsdatabanken.no/v2.3/koder/hentkode/NA%20T32-8
TK01-23;NA T32-16;1;3;GT;https://nin-kode-api.artsdatabanken.no/v2.3/koder/hentkode/NA%20T32-16
TK01-23;NA T32-18;1;3;GT;https://nin-kode-api.artsdatabanken.no/v2.3/koder/hentkode/NA%20T32-18
TK01-26;NA T32-11;2;4;GT;https://nin-kode-api.artsdatabanken.no/v2.3/koder/hentkode/NA%20T32-11
TK01-26;NA T32-12;2;4;GT;https://nin-kode-api.artsdatabanken.no/v2.3/koder/hentkode/NA%20T32-12
TK01-03;NA T32;2;3;GT;https://nin-kode-api.artsdatabanken.no/v2.3/koder/hentkode/NA%20T32
TK01-03;NA T32-6;2;3;GT;https://nin-kode-api.artsdatabanken.no/v2.3/koder/hentkode/NA%20T32-6
TK01-03;NA T32-9;2;3;GT;https://nin-kode-api.artsdatabanken.no/v2.3/koder/hentkode/NA%20T32-9
TK01-06;NA T32-17;2;3;GT;https://nin-kode-api.artsdatabanken.no/v2.3/koder/hentkode/NA%20T32-17
TK01-06;NA T32-19;2;3;GT;https://nin-kode-api.artsdatabanken.no/v2.3/koder/hentkode/NA%20T32-19
TK01-09;NA T32;1;3;GT;https://nin-kode-api.artsdatabanken.no/v2.3/koder/hentkode/NA%20T32
TK01-09;NA T32-6;1;3;GT;https://nin-kode-api.artsdatabanken.no/v2.3/koder/hentkode/NA%20T32-6
TK01-09;NA T32-9;1;3;GT;https://nin-kode-api.artsdatabanken.no/v2.3/koder/hentkode/NA%20T32-9
TK01-12;NA T32-17;1;3;GT;https://nin-kode-api.artsdatabanken.no/v2.3/koder/hentkode/NA%20T32-17
TK01-12;NA T32-19;1;3;GT;https://nin-kode-api.artsdatabanken.no/v2.3/koder/hentkode/NA%20T32-19
TK01-18;NA T32-17;1;3;GT;https://nin-kode-api.artsdatabanken.no/v2.3/koder/hentkode/NA%20T32-17
TK01-18;NA T32-18;1;3;GT;https://nin-kode-api.artsdatabanken.no/v2.3/koder/hentkode/NA%20T32-18
TK01-18;NA T32-19;1;3;GT;https://nin-kode-api.artsdatabanken.no/v2.3/koder/hentkode/NA%20T32-19
TK01-18;NA T32-20;1;3;GT;https://nin-kode-api.artsdatabanken.no/v2.3/koder/hentkode/NA%20T32-20
TK01-21;NA T32-7;1;3;GT;https://nin-kode-api.artsdatabanken.no/v2.3/koder/hentkode/NA%20T32-7
TK01-21;NA T32-8;1;3;GT;https://nin-kode-api.artsdatabanken.no/v2.3/koder/hentkode/NA%20T32-8
TK01-21;NA T32-10;1;3;GT;https://nin-kode-api.artsdatabanken.no/v2.3/koder/hentkode/NA%20T32-10
TK01-24;NA T32;1;3;GT;https://nin-kode-api.artsdatabanken.no/v2.3/koder/hentkode/NA%20T32
TK01-24;NA T32-18;1;3;GT;https://nin-kode-api.artsdatabanken.no/v2.3/koder/hentkode/NA%20T32-18
TK01-24;NA T32-20;1;3;GT;https://nin-kode-api.artsdatabanken.no/v2.3/koder/hentkode/NA%20T32-20
TK01-15;NA T32-3;1;3;GT;https://nin-kode-api.artsdatabanken.no/v2.3/koder/hentkode/NA%20T32-3
TK01-15;NA T32-4;1;3;GT;https://nin-kode-api.artsdatabanken.no/v2.3/koder/hentkode/NA%20T32-4
TK01-15;NA T32-6;1;3;GT;https://nin-kode-api.artsdatabanken.no/v2.3/koder/hentkode/NA%20T32-6
TK01-15;NA T32-7;1;3;GT;https://nin-kode-api.artsdatabanken.no/v2.3/koder/hentkode/NA%20T32-7
TK02-03;NA T33-1;0;4;GT;https://nin-kode-api.artsdatabanken.no/v2.3/koder/hentkode/NA%20T33-1
TK02-03;NA T33-2;0;4;GT;https://nin-kode-api.artsdatabanken.no/v2.3/koder/hentkode/NA%20T33-2
TK03-04;NA T34-5;2;4;GT;https://nin-kode-api.artsdatabanken.no/v2.3/koder/hentkode/NA%20T34-5
TK03-04;NA T34-6;2;4;GT;https://nin-kode-api.artsdatabanken.no/v2.3/koder/hentkode/NA%20T34-6
TK03-03;NA T34-2;4;4;GT;https://nin-kode-api.artsdatabanken.no/v2.3/koder/hentkode/NA%20T34-2
TK03-03;NA T34-3;4;4;GT;https://nin-kode-api.artsdatabanken.no/v2.3/koder/hentkode/NA%20T34-3
TK03-05;NA T34-7;4;2;GT;https://nin-kode-api.artsdatabanken.no/v2.3/koder/hentkode/NA%20T34-7
TK03-05;NA T34-8;4;2;GT;https://nin-kode-api.artsdatabanken.no/v2.3/koder/hentkode/NA%20T34-8
TK03-05;NA T34-9;4;2;GT;https://nin-kode-api.artsdatabanken.no/v2.3/koder/hentkode/NA%20T34-9
TK03-05;NA T34-10;4;2;GT;https://nin-kode-api.artsdatabanken.no/v2.3/koder/hentkode/NA%20T34-10
TM01-01;NA T39-1;4;4;GT;https://nin-kode-api.artsdatabanken.no/v2.3/koder/hentkode/NA%20T39-1
TM01-01;NA T39-2;4;4;GT;https://nin-kode-api.artsdatabanken.no/v2.3/koder/hentkode/NA%20T39-2
TM01-01;NA T39-3;4;4;GT;https://nin-kode-api.artsdatabanken.no/v2.3/koder/hentkode/NA%20T39-3
TM01-01;NA T39-4;4;4;GT;https://nin-kode-api.artsdatabanken.no/v2.3/koder/hentkode/NA%20T39-4
TM01-03;NA T39-7;4;4;GT;https://nin-kode-api.artsdatabanken.no/v2.3/koder/hentkode/NA%20T39-7
TM01-03;NA T39-8;4;4;GT;https://nin-kode-api.artsdatabanken.no/v2.3/koder/hentkode/NA%20T39-8
TM02-01;NA T39-5;2;4;GT;https://nin-kode-api.artsdatabanken.no/v2.3/koder/hentkode/NA%20T39-5
TM02-01;NA T39-6;2;4;GT;https://nin-kode-api.artsdatabanken.no/v2.3/koder/hentkode/NA%20T39-6
TM02-02;NA T39-5;1;4;GT;https://nin-kode-api.artsdatabanken.no/v2.3/koder/hentkode/NA%20T39-5
TM02-02;NA T39-6;1;4;GT;https://nin-kode-api.artsdatabanken.no/v2.3/koder/hentkode/NA%20T39-6
TM03-03;NA T35-2;2;2;GT;https://nin-kode-api.artsdatabanken.no/v2.3/koder/hentkode/NA%20T35-2
TM03-03;NA T35-3;2;2;GT;https://nin-kode-api.artsdatabanken.no/v2.3/koder/hentkode/NA%20T35-3
TO03-01;NA T45-1;3;3;GT;https://nin-kode-api.artsdatabanken.no/v2.3/koder/hentkode/NA%20T45-1
TO03-01;NA T45-2;3;3;GT;https://nin-kode-api.artsdatabanken.no/v2.3/koder/hentkode/NA%20T45-2
TO04-02;NA T45-1;0;4;GT;https://nin-kode-api.artsdatabanken.no/v2.3/koder/hentkode/NA%20T45-1
TO04-02;NA T45-2;0;4;GT;https://nin-kode-api.artsdatabanken.no/v2.3/koder/hentkode/NA%20T45-2
TO04-01;NA T45-1;1;4;GT;https://nin-kode-api.artsdatabanken.no/v2.3/koder/hentkode/NA%20T45-1
TO04-01;NA T45-2;1;4;GT;https://nin-kode-api.artsdatabanken.no/v2.3/koder/hentkode/NA%20T45-2
VC05-01;NA V7-1;1;3;GT;https://nin-kode-api.artsdatabanken.no/v2.3/koder/hentkode/NA%20V7-1
VC05-01;NA V7-2;1;3;GT;https://nin-kode-api.artsdatabanken.no/v2.3/koder/hentkode/NA%20V7-2
VC05-02;NA V7-1;1;3;GT;https://nin-kode-api.artsdatabanken.no/v2.3/koder/hentkode/NA%20V7-1
VC05-02;NA V7-2;1;3;GT;https://nin-kode-api.artsdatabanken.no/v2.3/koder/hentkode/NA%20V7-2
VK02-02;NA V10-1;1;4;GT;https://nin-kode-api.artsdatabanken.no/v2.3/koder/hentkode/NA%20V10-1
VK02-02;NA V10-2;1;4;GT;https://nin-kode-api.artsdatabanken.no/v2.3/koder/hentkode/NA%20V10-2
VM01-05;NA V11-1;2;4;GT;https://nin-kode-api.artsdatabanken.no/v2.3/koder/hentkode/NA%20V11-1
VM01-05;NA V11-2;2;4;GT;https://nin-kode-api.artsdatabanken.no/v2.3/koder/hentkode/NA%20V11-2
VM01-06;NA V11-1;1;4;GT;https://nin-kode-api.artsdatabanken.no/v2.3/koder/hentkode/NA%20V11-1
VM01-06;NA V11-2;1;4;GT;https://nin-kode-api.artsdatabanken.no/v2.3/koder/hentkode/NA%20V11-2
VM03-01;NA V13-2;4;4;GT;https://nin-kode-api.artsdatabanken.no/v2.3/koder/hentkode/NA%20V13-2
VM03-01;NA V13-4;4;4;GT;https://nin-kode-api.artsdatabanken.no/v2.3/koder/hentkode/NA%20V13-4
VM03-01;NA V13-6;4;4;GT;https://nin-kode-api.artsdatabanken.no/v2.3/koder/hentkode/NA%20V13-6
VM06-01;NA V13-1;4;4;GT;https://nin-kode-api.artsdatabanken.no/v2.3/koder/hentkode/NA%20V13-1
VM06-01;NA V13-3;4;4;GT;https://nin-kode-api.artsdatabanken.no/v2.3/koder/hentkode/NA%20V13-3
VM06-01;NA V13-5;4;4;GT;https://nin-kode-api.artsdatabanken.no/v2.3/koder/hentkode/NA%20V13-5
TB01-1;NA T4-5;1;4;GT;https://nin-kode-api.artsdatabanken.no/v2.3/koder/hentkode/NA%20T4-5
TB01-1;NA T4-9;1;4;GT;https://nin-kode-api.artsdatabanken.no/v2.3/koder/hentkode/NA%20T4-9
TG01-2;NA T27-1;1;4;GT;https://nin-kode-api.artsdatabanken.no/v2.3/koder/hentkode/NA%20T27-1
TG01-2;NA T27-3;1;4;GT;https://nin-kode-api.artsdatabanken.no/v2.3/koder/hentkode/NA%20T27-3
SC05-02;NA H2-4;4;4;GT;https://nin-kode-api.artsdatabanken.no/v2.3/koder/hentkode/NA%20H2-4
SC05-02;NA H2-5;4;4;GT;https://nin-kode-api.artsdatabanken.no/v2.3/koder/hentkode/NA%20H2-5
SC05-02;NA H2-6;4;4;GT;https://nin-kode-api.artsdatabanken.no/v2.3/koder/hentkode/NA%20H2-6
